,names,country,level,comment1,comment1_length
0,never_stop_asking,United States of America,0,"United States of America Why are grocery prices so much lower in Europe compared to the US? Food I'm aware this is a generalization but whenever I'm in Europe, I'm puzzled by the low prices for wine, cheese, meat, fresh produce etc, even in otherwise more expensive countries (Netherlands, Germany, Austria, France, Belgium, etc.).  Why is that? Maybe subsidies or government intervention?  171 Comments    Save  Hide  Report 91% Upvoted",437
1,justaprettyturtle,Poland,1,"Poland Common agricultural policy of European Union and subsidies for farmers. Plus, our farming is less concentrated in huge farming companies like in US and there is more competition. We don't have a few huge farming conglomerates dictating prices. Generally, it is better for consummers and better for small farmers.   141",325
2,tomas_paulicek,Slovakia,2,"Slovakia Also, the minimum wage varies widely across the EU, so lots of Eastern Europeans are still willing to work in agriculture and food processing in their homelands for peanuts, relative to the West, which drives the prices of products down.   57",251
3,justaprettyturtle,Poland,3,"Poland Yes, but less and less so. I know people who used to travel to Germany to pick asparagus in the past. In past years they stoped. This is terrible job, you are badly treated and the money is simply not worth it anymore. I am not saying that no one goes, as plenty of people do but it is declining.   29",308
4,tomas_paulicek,Slovakia,4,"Slovakia I'm not exactly talking about expats but rather about people who stay in their country and work for local minimum wage ot something next to it. Surely it's still cheaper and very common to export products, rather than people.   13",239
5,justaprettyturtle,Poland,5,"Poland As far as I was told , those living in Western Europe don't really work in agriculture. The farmers don't want to pay the minimum wages to their eorkers. They prefer to bring immigrants for 3 months and deduct outragious accomodation fees from the wages. Those living locally won't live in there and the fees cannot be deducted so they don't get employed.   10",367
6,alikander99,Spain,6,"Spain In Spain they do the same, but here they mostly come from Africa.   2",75
7,Vidsich,Ukraine,4,"Ukraine Khm, change it to Ukrainians in Poland and it's absolutely the same, more and more people are either going further to the West or stay in Ukraine because the salary level is now more or less the same in agriculture. People still go but many choose not to due to treatment, possibility to acquire health issues and not high enough salary   3",348
8,Karl_Pron,Poland,3,Poland Usians have illegal immigrant workers for that.   1,58
9,MajorGef,Germany,2,"Germany Eh, its rather that we have a few buyers dominating the market and thus pressing down prices.   14",106
10,Columbiyeah,United States of America,2,United States of America Do you have evidence for this? Price collusion is illegal in the US.   5,97
11,must_be_psychotic,Finland,3,"Finland There's a term for intentionally following your competitors' prices, which is not illegal.   6",102
12,keiner,no_country,3,"I think the difference is that price fixing is about private companies agreeing to use the same (usually a bit high) price.  What the EU does is to prevent farmers from getting paid less than what their products are worth, which would obviously end with no one doing farming anymore as you would be losing money doing it. And that would lead to no more farming in the EU and all farm products being imported from outside of EU. That is what the EU price setting is trying to prevent from happening.   4",502
13,ZetZet,Lithuania,3,Lithuania Yes it is and yet your internet/mobile network prices seem to tell a different story.   2,99
14,ClementineMandarin,Norway,1,"Norway You can take Norway out of that equation, because whenever I watch YouTubers grocery shopping I am amazed of just how low their prices are!  And just over the border to Sweden the prices are so much lower, so insane amounts of Norwegians travel across the border to buy cheaper foods. Something the Swedish stores have noticed during these corona days.  The ‚Äúliving on 1 $/‚Ç¨/¬£ for a day‚Äù challenge would not work. We don‚Äôt really have anything for less than 10kr(about 1‚Ç¨). Unless you would eat pasta every single day   24",529
15,wanderlustandanemoia,no_country,2,"in  I spent 6 months in your country and honestly I could say the cost of living (at least in Oslo) is the same as the major North American cities (LA, NYC, Toronto, Vancouver) but as someone who lived in not-so-expensive to live in towns and cities in Canada, I was shocked by how much you guys are paying for meat, dairy, and worse...alcohol! I thought that whole shopping in Sweden/Finland or ferrying to Denmark was a joke but it's actually true lol I cried tears of joy when the value of the NOK against CAD was at its lowest in decades but still no wonder why your wages are so high    > We don‚Äôt really have anything for less than 10kr(about 1‚Ç¨).  You do have those 10kr nacho chips from Rema 1000 hehe   12",714
16,Erebax,Switzerland,2,"Switzerland If you ever want to be on the other side of the equation, just visit Switzerland. Its insane what we pay for our food. To be fair tough, our regulations when it comes to food quality are also top notch.  Edit: i just looked up some statistics. We are just slightly more expensive than Norway. The only things that are more expensive in Norway, are drugs (tabacco and alcohol).   6",392
17,41942319,Netherlands,3,"Netherlands I've been to Switzerland once, and the groceries there were so eye-wateringly expensive that I'm not sure I'll every go back! Probably didn't help that the campsite we were staying was in a tiny town at the end of a valley, so they only had a tiny supermarket. Our second destination was Geneva so we stayed in France. Guess what the license plates in the supermarket parking lots looked like. Groceries were still relatively expensive there BTW, but I guess the Swiss didn't care bc it was half the price of stuff in Switzerland   2",545
18,clebekki,Finland,2,"Finland There are grocery stores right at the border crossings on the Finnish side of Lapland, and if you look at google street view, almost all of the cars have Norwegian plates. (although blurred, you can spot them because they are much wider than Finnish plates, or different shape altogether).  I think it's the same at the Swedish border.   7",347
19,keiner,no_country,3,"It's only fair, as I think half the employees in the Norwegian side are Finns :D   1",84
20,lorarc,Poland,2,Poland I've spent some time there and cheap food is available in the stores. Like most stuff is expensive but you can find cheap food if you want to. And the cafeteria at my office in middle of Oslo was cheaper than cafeteria at my office in second rate city in Poland.   3,273
21,beseri,Norway,2,"Norway What pisses me off is how they tax the shit out of imported goods. Like why do I have to pay an insane price for parmesan cheese? We do not even produce that in Norway, and it isn¬¥t really a direct competitor to Norwegian cheeses.   5",241
22,tuxette,Norway,3,"Norway Yeah, that's really annoying.   2",40
23,alikander99,Spain,2,"Spain My stepfather has gone a few times to Norway and he tells me again and again that buying in Norway was depressing. Everything, but salmon, was crazy expensive and there were almost no fresh products, so he had to Settle for Frozen vegetables (we're not talking about Oslo). There IS nothing more depressing for a spaniard than going to the vegetable stand in the supermarket and find only apples.   2",406
24,Kikelt,Spain,1,"Spain Competence.  In the US, Walmart acts like a monopoly.  Also, walmart uses dumping which is illegal in Europe. It lowers prices bellow production costs to destroy local rivals. Its size allow them to resist that strategy for a long time. When rivals go bankrupt, they rise prices.  Walmart tried that on Europe... Didn't go as planned. As it got sued by all rivals.  Also, in Europe there are a lot of little supermarkets in the cities, you don't really need to be a big mall to compete, lowering costs to access the market and making competence high.   65",561
25,crucible,Wales,2,"Wales Walmart bought Asda in the UK in 1999. They sold their majority stake in it in October 2020.  They were never really able to get Asda out of third place in the UK market (after Tesco and Sainsburys). More recently the German discounters like Aldi and Lidl, as well as UK chains Co-op and Iceland have been snapping at their heels as the main 'cheap' supermarket.   18",373
26,Kikelt,no_country,3,"¬∑ edited 2 yr. ago  Spain They also tried it on germany and lost billions  There are some funny videos about it... And Americans facing workers rights, unions, and fair market regulations didn't go well xD  https://youtu.be/PxtXI0K4YJs   16",240
27,crucible,Wales,4,"Wales Yeah, that stuff always seems to come up on here whenever their time in Germany is mentioned.   5",103
28,keiner,no_country,4,But have you seen how many people they employ per supermarket compared to an average european store does?   1,109
29,Nipso,no_country,3,->  ->   Co-op cheap?   2,25
30,crucible,Wales,4,"Wales Judging by the new branch in the next village over, I'd have to say ""not really"" - some things they seem oddly expensive on.   1",134
31,njunear,no_country,2,"-> Competence.  Competition, you mean?  Competence es la habilidad o capacidad de hacer algo correctamente. Un falso amigo :)   19",130
32,Blecao,Spain,3,Spain the clasic   4,20
33,njunear,no_country,4,"-> Lo mejor es que luego de acostumbrarte a hablar ingl√©s todo el tiempo, se te empieza a fastidiar el espanol. :-/   5",119
34,alikander99,Spain,5,Spain El otro d√≠a me enter√© de que eventualmente no significa eventually. Me sab√≠a la palabra en ingl√©s pero no en espa√±ol...   3,129
35,TheThiege,United States of America,2,United States of America Walmart is a very small player in the grocery market in the US  They are nowhere near a monopoly in any way   6,136
36,ryanmmm,no_country,3,"They are definitely not a small player--by food revenue, Walmart is easily the largest grocer.  You're right about them not being a monopoly.   3",145
37,the_real_grinningdog,no_country,1,"->  It depends where you're looking. I think food prices in Spain are higher than the UK but I know Belgian and Danish people who think food here is incredibly cheap.  I think this is because prices in the UK are kept low because of constant supermarket price wars and competition from rivals like Lidl and Aldi.  What was odd for me when I moved to Spain was that food is much more seasonal here. In the UK you can buy fruit and veg all year round because it's flown in from the other side of the world. I prefer the idea of a season, even if it means I can't buy strawberries all year.   6",591
38,Wiuiu,Spain,2,"Spain Food prices is Spain are higher? For sure?  Not saying you are lying, but in my time in the UK I found food to have higher prices (but not too much), and a common thing the Erasmus students from the rest of Europe say is that food here is way cheaper...  And about the seasonal fruit and veg: many of those food come from the south of Spain so I guess we give more importance of buying those rather that some fruit that comes from the other side of the world (it's also a cultural thing, in restaurants they tend to give importance to the season while they offer some food or another)   9",594
39,LionLucy,United Kingdom,2,"United Kingdom Food is definitely seasonal in the UK! Sure, you can buy strawberries in December, but each shop might have a few expensive cartons, and they'll be huge and tasteless which is why hardly anybody buys them. In June, strawberries are on special offer everywhere. Supposedly half price, but actually just the real seasonal price. And big punnets from market stalls and the side of the road for ¬£1-2. Check out the ""end of the aisle"" fruit and veg in Aldi and Lidl. It's all cheap because it's seasonal.   5",518
40,the_real_grinningdog,no_country,3,"->  I agree but you also get a huge variety of stuff that isn't seasonal and is flown in from Chile or where-ever. You get that much, much less here. Although that might be different in a big city I suppose.   5",211
41,Blecao,Spain,2,Spain really?  when i was in the uk (around the zone of london but not in the city itself) i found that the prices where way higher.  I supose that it was becouse of the income diferents but as i didnt live in the uk for too much im probably wrong   3,251
42,alikander99,Spain,2,Spain . I think food prices in Spain are higher than the UK  Not sure about that...could you give some UK prices and we compare   2,131
43,the_real_grinningdog,no_country,3,"->  A really simple example. How much would you pay for a plastic sleeve of 3 peppers? Where I am it cost between 2‚Ç¨ and 2.50‚Ç¨.  It's grown near where I live, then it's driven 1200 miles, across on a ferry and appears in a UK supermarket for anywhere fro 95p to ¬£1.35.   1",272
44,alikander99,Spain,4,"Spain Green peppers (each): 72p / $1.13, taken from here: https://www.seriouseats.com/talk/2012/01/the-vegetable-index-how-much-do-they-cost.html  How much would you pay for a plastic sleeve of 3 peppers? Where I am it cost between 2‚Ç¨ and 2.50‚Ç¨.  And yeah, that's about the price.  It's grown near where I live,  You sure?   2",326
45,keiner,no_country,1,I don‚Äôt know why but I‚Äôd like to know why are clothes and makeup cheaper in the US?   4,87
46,MortimerDongle,United States of America,2,"United States of America Clothes are often not taxed at all in the US, and in addition brands are sometimes positioned differently. For example, Levi's products are much cheaper here because they're viewed as sort of the default/basic brand of jeans, and couldn't justify high prices.   7",288
47,keiner,no_country,1,"¬∑ edited 2 yr. ago Wages in the EU are also lower than they are in the US. That doesn't fully answer the question, but it does balance it out a little.   15",156
48,wanderlustandanemoia,no_country,2,in  Not true everywhere   13,28
49,keiner,no_country,3,"There are probably exceptions, like a rich country like Norway. But in general it's true.   10     level 4 Comment deleted by user ¬∑ 2 yr. ago",142
50,volchonok1,Estonia,3,"Estonia Apart from a couple rich countries like Norway and Switzerland, wages are way lower in all other European countries than in US. Even in well off countries like Germany and France.   13     level 4 Comment deleted by user ¬∑ 2 yr. ago",240
51,keiner,no_country,2,"Definitely not true in Scandanavia, and Western Europe. Not 100% sure about Eastern Europe, though.   -2",104
52,keiner,no_country,3,The wages in France and the UK are definitely lower than the US   14,68
53,winter-is-kaming,no_country,4,But not everyone is an IT consultant or a Software developer. So it depends. I find it hard to believe that a waiter in France is paid less than a waiter in Idaho for instance.   -2     level 5 Comment deleted by user ¬∑ 2 yr. ago,229
54,keiner,no_country,5,"¬∑ edited 2 yr. ago Not every single job is going to be paid more in the US, but professional/skilled work definitely is. These are averages, of course there are gonna be exceptions. It's not just IT either.   1",210
55,keiner,no_country,6,I bet you can take any office job and the salary will be much higher in the US.   4,83
56,keiner,no_country,6,You should tell them how much a lorry driver in Australia makes or a regular waiter at MacDonalds   2,101
57,keiner,no_country,5,Waiters get paid much more in America than in France because a) gross and net are the same in America but there‚Äôs a huge difference in France and b) waiters all get to keep their tips. Some waiters make 3000+/month.   4,219
58,keiner,no_country,5,Getting 20% of every bill into your pocket gets you a long way in the states!   1,81
59,Karl_Pron,Poland,4,"Poland I live in Poland and make the ballpark of US and UK average wages in absolute numbers, this scares me shitless, since I have no idea how could I survive in those countries (I've been to both) with this kind of money. In Poland it buys me a very comfortable life of course.   3",283
60,keiner,no_country,5,"Yeah, but I'm guessing you're a higher than average earner in Poland? How much does your job pay in the US or UK?   1",117
61,Karl_Pron,Poland,6,"Poland I don't know the US wage range, in UK it is about 50-60 grand a year, no way this would buy me my Warsaw lifestyle in UK either.   1",139
62,ColossusOfChoads,United States of America,7,"American in Italy Roughly converting pounds to dollars in my head, you could live a pretty solid middle class life in most of the USA. That is, unless we're talking a city like New York or San Francisco. You'd be feeling the squeeze then.   1",242
63,Karl_Pron,Poland,8,"Poland But can you make this kind of money easily outside of NYC/LA? From what I heard, average UK salary outside London is around 36-40K a year. And UK is expensive everywhere.  My kind job is only available at tech hubs (say SF, NYC, Austin or London), it is not that I can move out to the countryside and live like a king there as a rule (I could now only because of corona and as soon it ends I'll have to get back to the office).   1",438
64,ColossusOfChoads,United States of America,9,"American in Italy But can you make this kind of money easily outside of NYC/LA?  That depends entirely on what you do.  My hometown of Los Angeles is huge and there are places you'd be able to afford, although if you wanted a house with a yard you'd be faced with a miserable multi-freeway commute just like most folks are.  Austin isn't as pricey as those other places yet. There are also a few up-and-coming tech places that are (to date) relatively affordable such as Reno, NV. Reno used to be Las Vegas's seen-better-days older brother, but they've been getting spillover from the Bay Area along the I-80 corridor. There's also other mid/small cities you probably haven't heard of where you might be able to land something, depending on what it is that you do.  Again, it depends on what you do. If you could land something in Minneapolis or Chicago your dollar would go further than in New York or the SF Bay Area. If what you do is so rare and specialized that you could only do it in a major tech hub that everyone in Europe has actually heard of, then I suppose they'd pay you a commensurate salary.   1",1111
65,HelmutGolli,Finland,4,Finland In food industry or in general?   1,43
66,keiner,no_country,3,Definitely true everywhere.   -1     level 1 Comment deleted by user ¬∑ 2 yr. ago,80
67,Adrian_Alucard,Spain,1,"Spain You guys also have subsidies,but all goes to corn (to produce an unnecesary high production of corn syrup to make everything sweet, even bread...)   47",157
68,petterri,no_country,1,"Without taking into the account of money people make, comparing prices doesn't tell you much. According to the World Economic Forum US households are spending relatively little on food(6,4% of consumer expenditure), compared to other countries. In 2017 this figure for the EU as a whole was 12,2% (eurostat) which would suggest that food is actually cheaper in the US, considering the average income. However, it has to be said that within the EU there were significant differences, according to this data from eurostat it was just 8,2% in the UK and 8,9% in Luxemburg, but 21,6% in Lithuania and 27,8% in Romania! I didn't find such data for different US states, but it might be interesting to examine the difference between different states, as I suspect there might be quite a difference between California and Missisipi, for instance.   42",843
69,greatteachermichael,United States of America,2,"United States of America 6.4% in the U.S.? Geez... now I feel like a pig. I'm not really into buying material things like clothes, cars, or new phones, but I absolutely love food. I probably spend 20%-25% of my income on food since I just go in and buy whatever I want.   13",274
70,keiner,no_country,3,"I wonder if that figure refers to groceries alone, or groceries + restaurants (fast food, or actual restaurants). My impression is that in US it's much more common to eat outside than cook at home, compared to Europe. So if eating outside is excluded from the figure, it would obviously skew the result.   7",307
71,ObliviousAstroturfer,Poland,3,"Poland There is a flipside to this, at least anecdotally.  A commonly repeated factoid (no idea how true it is, just for your consideration as you dig into more factual replies here) is that ordering fast food in Europe can be seen as more of an unhealthy treat, but is ofte more expensive than buying good quality groceries and making even a simple dinner. Whereas in US buying fresh produce would end up being more expensive than fast food.  Using Poland and McD as example, 23 PLN for a burger, medium fries and coke is enough for a really good dinner for one, light but nice dinner for two, or budget (go≈ÇƒÖbki ftw) dinner for four.   2",639
72,Anaptyso,United Kingdom,4,"United Kingdom I definitely feel this is true for me. If I order something like a Chinese takeaway then I'm going to spend maybe twice as much as if I bought raw ingredients and cooked a dinner for myself.  Even something cheap and nasty from the local fried chicken place probably wouldn't end up saving much, if anything, compared to buying groceries.  Obviously it can vary a lot - shop in an expensive supermarket and is pushes prices up, but I never see a takeaway/fast food as a money saving exercise. Instead it's more about me paying some extra because I can't be bothered to cook.   5",593
73,Snoo13276,no_country,4,"You don‚Äôt cook at home often enough  I can eat very healthy in Colorado by eating groceries instead of fast food and it‚Äôs substantially cheaper  This is a common misconception and, more so a cop out  Buy cook books and buy the cheapest ingredients you can find to make a meal and you‚Äôll be happy you did  The generic foods taste just like if not better than name brand and you‚Äôre eating way healthier than at most American restaurants or fast food joints  I can refer you to a few of the cook books I use if you‚Äôd like   1",522
74,ObliviousAstroturfer,Poland,5,Poland Clicked repy on wrong post?   1,38
75,SweatyNomad,no_country,2,"My personal experience in grocery shopping in both continents is that is the US cheap food is really cheap. But once you try and go 'above' factory meat and very processed food - which often would be below legal standard in Europe - Europe becomes cheaper.  Apart from Whole Foods being priced like its another universe, in general I was always shocked that European 'basics' like 'real' cheese and wine, are priced like 'premium' foods in the US.  The difference in restaurants was more pronounced, especially around wine. Across a lot of Europe a main course is often the same price as 2-3 glasses of wine, in the US the main/ entree is more often the same price as a glass of wine.   20",689
76,petterri,no_country,3,"That's a very good point, and my experience would confirm that, but it's much more difficult to measure, since you'd have to first establish quality standard for which price you would compare and then search equivalent products   2",231
77,41942319,Netherlands,3,"Netherlands Was in a baking sub a few days ago and an American recommended an imported Dutch brand of cocoa powder, which is apparently really pretty popular in the US as it's one of the highest quality products around, much better than other brands, even supposed luxury brand. They attached a link where you could buy a 250g pack on Amazon for $12.  That same brand is sold in regular supermarkets here as something that's pretty much the same quality as a few other brands of other cocoa powders sold alongside is. At ‚Ç¨3 for the exact same 250g box. Like, you're not telling me that shipping and distribution on such a large scale causes that much of a price difference.   5",677
78,keiner,no_country,4,No but the feeling that you are shopping premium imported good is   5,69
79,Blecao,Spain,4,"Spain no but if you sell it at that price becouse its ""exotic"" ""foreign"" food you can sell it with very high prices and people will still bough it   3",150
80,crucible,Wales,1,"Wales Correct me if I'm wrong, but Walmart are almost a monopoly in some areas of the USA?  We've got a massively competitive groceries / supermarket sector in the UK.  There's a ""big four"" of Tesco, Sainsburys, Asda and Morrisons, followed by the German discounters Aldi and Lidl, smaller UK chains like Iceland and Co-op, 'posher' places like Marks and Spencer and Waitrose, and then your 'corner' shops like Costcutter and Spar.  Most towns will have supermarkets from at least two or three of these chains in them, so there's a lot of competition and they're always battling each other by offering discounts, free delivery etc.   6",635
81,MortimerDongle,United States of America,2,"United States of America I've never lived anywhere where Walmart was the only option for groceries, but it could be the case in some places (particularly very rural locations).  Almost all US supermarket chains are regional, so the price/quality/diversity of the options can vary a lot based on that.   9",304
82,crucible,Wales,3,"Wales Indeed - I may have wrongly assumed that Walmart was almost a regional monopoly from some comments I've read on Reddit over the years, so apologies.  I think there are a few smaller supermarket chains here in the UK that are still regional, but over the years the older 'Northern' chains like Morrisons and 'Southern' chains like Waitrose and Sainsburys have expanded nationally.   2",389
83,TheThiege,United States of America,2,"United States of America No, Walmart isn't even a traditional grocery store. They've expanded into that market in the last couple decades  There are dozens of major grocery stores   3",183
84,crucible,Wales,3,"Wales No, Walmart isn't even a traditional grocery store. They've expanded into that market in the last couple decades  Ah, my mistake, I thought it was similar to the likes of Tesco and Asda here - first they sold groceries and then expanded into homeware, colothes, books etc.   2",282
85,keiner,no_country,1,Are they really?  Walmart is pretty cheap and even in the bigger cities you have a possibility to go to a trader joes or an aldi   11,133
86,Seeker-N7,Hungary,2,Hungary Quality matters. Can you buy the same quality of food in the US for the same price as in Europe? That's what the question is more about.   7,148
87,keiner,no_country,1,"¬∑ edited 2 yr. ago Is this a joke? Grocery is cheaper in the US than in most of Europe. You can buy HUGE portions of food with the same amount of money. Average American household expenditure on food is the lowest in the world, around 1/2 of food expenditure of average French household.  https://ec.europa.eu/eurostat/documents/4187653/9422887/Household_consumption_expenditure+_food_2017.png   21",398
88,Xari,Belgium,2,"Belgium From what I've learned being active on reddit I have the idea that 'bulk' products (rice and such) and low quality foods (processed cheeses etc) are very cheap in the US, but higher quality food gets much more expensive very fast, which is what is considered standard groceries in Europe (good quality cheese, whole grain breads, etc). So the standards for food which people buy for everyday meals are much higher in europe while that is more something you go to Whole Foods or whatever that store is called in the US where it's overpriced af.   13",556
89,keiner,no_country,3,Does this also consider that americans have more disposable income than europeans?   1,86
90,tuxette,Norway,2,"Norway The quality of this food, or ""food"", is extremely low.  Proper food gets expensive very quickly.   5",107
91,TheThiege,United States of America,3,"United States of America This isn't true, however   7",53
92,keiner,no_country,4,"A 400 gram loaf of ‚ÄúItalian bread‚Äù from the bakery in my supermarket costs $3, and it‚Äôs got additives like sugar, soy lecithin, and ‚Äúenzymes.‚Äù The ‚ÄúTuscan bread‚Äù with slightly less additives is $4.50. The 700 gram organic sourdough loaf is $6.50. A baguette is $2.75.  Yes you can get a loaf of factory-made white bread for $0.79, but it‚Äôs not comparable to the bakery breads I listed above which I believe are cheaper in much of Europe (but I‚Äôll let the Europeans chime in on that).   4",487
93,Seeker-N7,Hungary,5,Hungary Those prices are outrageous.   4,40
94,keiner,no_country,6,This is (partly) why I bake bread at home! Cheaper and better than what I can get at the store.   3,99
95,keiner,no_country,5,"Geez, Tuscan bread is more expensive in California than in Tuscany. How can that be?!  Are you seriously telling me that quality meat, quality vegetables, quality fruits etc. are all more expensive in America? Sorry hunny that is a load of crap.   3",249
96,keiner,no_country,6,"First of all I live in Boston, not California. Second, I didn‚Äôt claim anything about vegetables, fruit, or meat. I can‚Äôt really compare the prices of meat cause I don‚Äôt eat it. But I know quality bread so that‚Äôs what I‚Äôm able to compare.   2",241
97,keiner,no_country,7,"Bread is also much more integral to European diet than it is to American diet, so it will be cheaper.   1",105
98,ColossusOfChoads,United States of America,6,"American in Italy Generally speaking, yes.   4",46
99,keiner,no_country,7,k i'm done here.   0,20
100,Blecao,Spain,5,Spain Seriously? Here for two euros you can get a fairly easy wood oven bread.  And the fresh bread in the bakery for less than a euro    Although Spain is very cheap things and lower salaries compared to Europe and the United States   4,237
101,keiner,no_country,3,It‚Äôs laughable to assume all grocery in the US is of bad quality. Have you done grocery shopping in America or did you just read it somewhere?   2,146
102,tuxette,Norway,4,"Norway Yes, I have done grocery shopping in the US.  Growth hormones, washing chicken in chlorine, fillers, high sugar and salt content, etc.... go for it if that's what you like.   3",183
103,Karl_Pron,Poland,2,Poland But the cheap food is mostly highly processed artifically flavored corn starch derivative. Even US Coca Cola is sweetened with cornstarch (high fructose corn syrup).  I'm a fan of trashy street & convenience store food. In USA most of convenience store food was just a tortilla with starchy meat-flavored sludge inside.   2,330
104,keiner,no_country,3,"How can meat, vegetables, fruits, seafood, milk even be associated with corn syrup? Americans don‚Äôt only eat cereal.   2",120
105,OscarGrey,no_country,4,"Corn syrup gets put into savory snacks and pre-prepared meals all the time because it makes them taste ""better"" and causes sugar addiction.   5",143
106,ColossusOfChoads,United States of America,5,American in Italy It also covers over the weird taste of all the other additives they put in stuff.   3,103
107,Karl_Pron,Poland,4,Poland All you named is quite expensive in USA. The cheap stuff is made of corn.   3,84
108,ColossusOfChoads,United States of America,3,"American in Italy Shit, man. They put HFCS in our mass market beers like Bud and Coors. And brewer's rice, too. What the fuck is brewer's rice? Whatever it is, they put it in Bud.  Yes, we Americans do take pride in the recent rise of our craft beer movement. Excessive pride, some of you might think. But there's one thing about that which we can't take pride in: price point.   3",381
109,nordicacres,no_country,1,"Well, I don‚Äôt agree with this (but then again it is personal experience). I lived in Switzerland for a year, and there is no way groceries there are cheaper than the US. I definitely was not eating out, because those prices are even more expensive.  I‚Äôve also spent some time in Norway (about a month), and only ate one meal in a restaurant. That was enough to force me to the grocery store, and those prices definitely were not cheap!  I guess it depends on the country? Prices in the US also vary - there are certain states that have to pay taxes on their groceries which can add quite a bit to the total. Thankfully I live in a state with no taxes on food, clothing, shoes.   3",680
110,keiner,no_country,2,Those are the two most expensive countries in Europe btw   2,60
111,mem269,no_country,1,Great Deal Literally every aspect of life in the US is a scam   -2,66
112,keiner,no_country,2,How long have you been living there?   1,40
113,mem269,no_country,3,Great Deal Literally every aspect of life in the US is a scam -2,64
114,Cheesetoastie86,England,1,"¬∑ edited 2 yr. ago  England An interesting series on CNN earlier this year had Kamau Bell visit different areas, including meeting some farmers in OK. They explained how they're getting totally shafted by agri businesses: https://edition.cnn.com/videos/us/2020/07/23/united-shades-family-farms-clip-1.cnn  The farmer says he makes a nickel for a box of $5 cereal. You guys- consumers & farmers- are getting completely shafted in this. The main reason it doesn't change is that American politicians are incentivised to maintain the status quo, due to powerful lobbying from industry. In our countries, theres either no equivalent lobby, or its far, far less powerful. The Eu sets a lot of farming regs, but there's still seem room for individual countries to set their own policies. The other reason is that you guys seem to care less overall, about food standards.  Ironically, the US actually has far lower standards of farming than we do, both crops and animal welfare, which makes food cheaper to produce- so your grocery bills should be lower than ours.  That's been highlighted recently in the negations in the trade deal between the US and UK over chlorinated chicken. The US wants to ship that stuff over here- but the UK public, farmers, and food companies vehemently oppose it. American chicken needs to be chlorinated because it carries an unusually high amount of unhealthy bacteria etc- due to really low farming standards. While most people here wouldn't buy it, some would, which is regarded as undesirable- it'd undercut British chicken producers, who have higher legal standards, but its also allowing cruelty to win out. The Uk already has some of the highest animal welfare regs in Europe/ the world, and as we leave the EU and set our own farming laws, that's being set higher, inc better ecological standards too. There's also a huge and unnecessary carbon footprint from a food we can raise here ourselves- its not a protected food like champagne etc, which is regional specific. In the UK, ""British grown"" or ""grown in the EU"" foods are massively popular. Partly its investing in your local (or nearby) economy, partly its about carbon emissions, but a huge part's knowing its produced to high standards. I saw a yt video on some Americans living here, who said fruit & veg tasted ""fresher"" here, but went off faster- cos it has less chemicals sprayed on it. And most of the UK fruit and veg are imported (Spain, North Africa), so has a longish travel time- you can transport food, keeping it fresh, without slathering it in chemicals. America just chooses not to.  So a better question is to ask why American consumers don't press for better farming standards; fewer chemicals, better animal welfare, and dont try to get huge corporations squeezed out of the food chain. They're the ones coining it in, not the farmers.   1",2846
115,TheThiege,United States of America,2,"United States of America Only about 5% of US chicken is chlorinated, and food borne illness in the US is lower than in Europe  Drinking water in the UK is chlorinated...   0",173
116,Cheesetoastie86,England,3,"¬∑ edited 2 yr. ago  England Its nothing to do with ingesting chorline per se. Its an animal welfare issue, and the lack of any need to import something we dont need or want anyway, but will cause huge environmental damage through carbon emissions. Animal welfare in farming is a huge deal here, eg major supermarkets use free range eggs in their own brand meals. Brits are also more environmentally conscious than Americans.  We also dont want to undercut our own foods with cheaper imports which are produced to lower, and much more cruel, standards. The entire reason American chicken meat is chlorinated is cos it's reared in bad conditions.Those practices are literally illegal here.  food borne illness in the US is lower than in Europe  Well, Europe is comprised of 44 different countries, all of which have different standards and practices on everything, so this comment doesnt really say much. Europe includes some very poor countries, some of which are not in the EU, who are not subject to its standards.  The UK, however, is currently negotiating a trade deal with the US, and we have some of the highest animal welfare requirements in the world. Chlorine is used to wash off bacteria cos the chickens are kept in conditions which are literally shit- antimicrobial treatments are basically used to compensate for poor hygiene in farms.  Recent thread discussing this: https://old.reddit.com/r/AskUK/comments/jrzpre/cant_the_uk_label_us_chlorinated_chicken_as_such/  Article from The Guardian: https://www.theguardian.com/tv-and-radio/2019/jun/03/the-truth-about-chlorinated-chicken-review-an-instant-appetite-ruiner  You (American consumers) dont benefit from this at all- your food is more expensive, but made to lower standards, cos big companies rip off consumers and farmers.  If another country has higher food standards than you, why don't you want that for yourselves? And if food in general is cheaper there too, why wouldn't you want to change things in the US? Youre being ripped off.  One of the first things the UK did on leaving the EU was to reform our agriculture policy, eg, with more stringent ecological protection laws on farms. We progress on this this stuff- dont you guys want to?   1",2218
117,TheThiege,United States of America,4,"United States of America Food in the US is less expensive than in the UK. Americans spend a little over 6% of consumer spending on food, Brits spend over 8%  Virtually your entire post is incorrect   -2",202
118,Cheesetoastie86,England,5,"England This post is about EUROPE; how food in most countries is cheaper than in the US.  regarding the UK specifically, the prices on some things are lower than the US, on others are more expensive. Overall, its cheaper.  Eating out is more expensive here, however, which accounts for the disparity.  We also have higher animal welfare standards here, so im not sure how any of thats virtually incorrect.  "" allowing chlorine treatment disincentivises industry to put in place proper hygiene practices.  In a piece from 2014, Monica Goyens of the EU consumer body BEUC wrote: ‚ÄúEssentially, what we are concerned about is not just the chemical itself, but rather the risk that these treatments will be seen as the ‚Äúeasy fix‚Äù to clean up dirty meat. Let‚Äôs be clear ‚Äì no chemical rinse will ever remove all bacteria from meat heavily contaminated as a result of poor hygiene.‚Äù""  https://www.thegrocer.co.uk/food-safety/chlorinated-chicken-explained-why-do-the-americans-treat-their-poultry-with-chlorine/555618.article   4",1020
119,TheThiege,United States of America,6,United States of America The post is wrong  Food is cheaper in the US   -2,74
120,Cheesetoastie86,England,7,"England Ive just explained its not. Go and bother someone else; youre not debating, youre just being aggro and rude. Blocked.   5",129
121,TheThiege,United States of America,8,United States of America,24
122,MinMic,United Kingdom,3,United Kingdom food borne illness in the US is lower than in Europe  Source?   2,80
123,whatsgoingonjeez,Luxembourg,1,Luxembourg Funny when I was in the US I actually tought that the prices were lower.   4,87
124,alikander99,Spain,2,"Spain Well, Luxembourg might be a bit above average Compared to the rest of Europe üòÖ   2",88
125,whatsgoingonjeez,Luxembourg,3,"Luxembourg Idk Gas, alkohol, tobacco and other things are a lot cheaper here than in most other european countries.  But in the US everything was a lot bigger. So yeah the price of a milk for example was more expensive but those milk bottles were a lot larger than those here in europe.   2",290
126,alikander99,Spain,4,"Spain tobacco  You're average. Way cheaper than the UK, but way more expensive than Bulgaria https://images.app.goo.gl/kbwS45gLPVvae2aN9  alkohol  You're just bellow the average for the EU. https://ec.europa.eu/eurostat/web/products-eurostat-news/product/-/asset_publisher/VWJkHuaYvLIN/content/DDN-20190906-1?inheritRedirect=false&p_p_col_count=1&p_p_col_id=column-1&p_p_lifecycle=0&p_p_mode=view&p_p_state=normal&redirect=https://ec.europa.eu/eurostat/web/products-eurostat-news/product?p_p_id=101_INSTANCE_VWJkHuaYvLIN  Gas  Yeah i'd say your under the average here.https://images.app.goo.gl/hDoiUL9nfMrobVot6  I actually thought Luxembourg would be way more expensive but as you can see you're not cheaper than most other european countries. A quick search might sugggest You're pretty average in at least those three things. But that tells me nothing about milk or food in general. Gas in Spain IS expensive but tomatos aren't.   1",935
127,whatsgoingonjeez,Luxembourg,5,"Luxembourg I actually thought Luxembourg would be way more expensive but as you can see you're not cheaper than most other european countries. A quick search might sugggest You're pretty average in at least those three things. But that tells me nothing about milk or food in general. Gas in Spain IS expensive but tomatos aren't.  Honestly higher prices would lead to the collapse of our country.  I know that you guys always think that we are rich af. And yes its true that our salaries are higher than yours, but they are not high enough to live a decent life here. (Im talking about the middle and lower class) Dont look at the GDP per capita, because keep in mind over 50% of the people who work here arent residents, but they are still calculated into our statistic.  In fact most salaries arent that higher compared to france or germany but the big difference is that we pay a lot less taxes on low salaries. (but nearly the same for higher salaries) Furthermore our pension and health care system is better because it doesnt know 2 classes.  Was a bit offtopic but what I wanted to say is that the problem is our really high real estate prices are the problem. A house/appartement in the cheapest shitty village of our country in the north where all the infrastructures are shit, cost about 4800‚Ç¨/m2.  Luxembourg has one of the highest debts per houshold (relatively not in total numbers) at the same time more and more people only receive the minimum salary.  In fact working poor is currently only in romania a bigger problem among EU countries and we have about 20% poverty. (more than in east germany) And we have 25% rate of unemployment among young people, only behind spain and greece.   2",1703
128,alikander99,no_country,6,"¬∑ edited 2 yr. ago  Spain the problem is our really high real estate prices  I kind of expected that, small country high GDP per capita, standard salaries: the perfect storm. In Spain we're starting to have a problem with this in certain areas and people are panicking. One of the reasons why wealth inequality IS quite low in Spain IS that many people own real estate, Compared to Germany, for example.  we have 25% rate of unemployment among young people, only behind spain and greece.  That's impressive. Never would've thought that.   1",540
129,youmiribez,France,1,"France That surprises me. Of course wine and cheese is cheaper why are you even asking, we produce it, why would we pay it as much as you pay it, overpriced, in your country.   3",178
130,keiner,no_country,2,Ever hear of Nappa Valley?   3,30
131,youmiribez,France,3,"France The wine you guys produce is:  -Certainly not as good as we do but let's assume that's not true  -Probably made far from where you live, France is a small country  -Sold expensive to make you think it's good (we do the same you guys are drinking overpriced bad wine everyday)  I've also seen some bottles having a french-italian-like name.   2",350
132,keiner,no_country,4,¬∑ edited 2 yr. ago I am from Austria and french wine is nothing special   3,75
133,Blecao,Spain,5,"Spain i usually consume wine of my zone the ""Duero""    its cheaper than foreign and support farmers   3",103
134,alikander99,Spain,6,"Spain And that's about the most expensive zone in Spain. cheap wine usually comes from the south, from la mancha   1",116
135,Blecao,Spain,7,Spain yes but what im saying is that is usually cheaper than a french or italian one of also a good zone   2,108
136,alikander99,Spain,8,"Spain Yeah i was just trying to point out that it's not something specific to your zone, spanish wines in general are cheaper than their french and italian counterparts   1",172
137,FleshEmoji,United Kingdom,4,United Kingdom Have you ever tried any wines from Nappa or Sonoma? Some of them are stunning.   6,97
138,OscarGrey,no_country,5,He's right when he's saying that they cost you an arm and a leg when compared to the same quality from European countries like France and Italy though.   4,155
139,alikander99,Spain,6,Spain And Spain   2,19
140,OscarGrey,no_country,7,"¬∑ edited 2 yr. ago Portugal, Greece. I just didn't want to ramble. You should see the high quality cheese prices though, they can be ridiculous outside of cheese producing regions. Good American cheeses cost a fortune over where I live.   2",240
141,alikander99,Spain,8,"Spain Yeah i just want to push the idea that Spain produces almost as much wine as France and Italy and ours are also good and objectively cheaper. Most people just forget us when talking about wine.  You shpuld see the high quality cheese prices though, they can be ridiculous outside of cheese producing regions. Good American cheeses cost a fortune over where I live.  And about cheese, it's pretty expensive even in cheese producing regions, especially if they aren't fresh cheese. I Imagine prices can get prohibitive very fast.   1",537
142,ColossusOfChoads,United States of America,5,"American in Italy They're as good as you say, but they're not price competitive with their French and Italian equivalents. In California, we call a select few areas of it ""wine country"", but most the rest of it isn't. In Italy, the only parts that aren't wine country are the parts that have ski resorts.   1",308
143,ColossusOfChoads,United States of America,4,"American in Italy I've also seen some bottles having a french-italian-like name.  Sometimes that's the family name of the vintners. I've come across Slovenian surnames, for example. Not all of us are named ""Jackson"" or ""Smith.""   1",231
144,youmiribez,France,5,"France Yeah that's what I also thought, especially italian names because you guys don't have a lot of french names.   1",119
145,ColossusOfChoads,United States of America,6,"American in Italy We have a fair amount of them, actually. It's just that the people who have them wouldn't strike you as being French in the slightest, and they don't really describe themselves as such, either. The average 'Beauchamp' is no different from the average 'Rogers.'  Of course, the grand exception to that is southern Louisiana, and to lesser extent the parts of inland New England that border Canada.   1",418
146,keiner,no_country,1,"They are? Lidls in Finland are 30 % more expensive than Lidls in Germany, for example. For the same products.   5",113
147,HelmutGolli,Finland,2,"Finland But are they really? Last time I was i Germany almost everything was about the same than here in Finland (except local foods). Sometimes in Finnish tabloids (IL, IS) there is big headlines how food is so cheap in Germany or Spain and then there is some article how some ""Pekka"" and his wife ""Maija"" were in holiday and their food-bill was so cheap compared when they are home, and then its actually 50% beer and wine :D   2",431
148,leady57,Italy,1,Italy I think we have laws that fix the higher price permitted for commodities.   1,83
